,MAE,MSE,RMSE,R2,set,modelo
0,0.8943376958334942,1.102664985890574,1.0500785617707724,-0.027113649412262353,test,Linear Regresion
1,0.8323958871262651,0.9643706917114819,0.9820237734960808,0.01661185346886518,train,LinearRegression
