,MAE,MSE,RMSE,R2,set,modelo
0,0.2314661527443786,0.07328786335548854,0.27071731262608334,-0.02606083678133997,test,Linear Regresion
1,0.2139533405406846,0.06380842106680362,0.25260328791764297,0.022030977051789802,train,LinearRegression
