,MAE,MSE,RMSE,R2,set,modelo
0,0.8943376958334942,1.102664985890574,1.0500785617707724,-0.0271136494122623,test,Linear Regresion
1,0.8323958871262651,0.964370691711482,0.9820237734960808,0.0166118534688651,train,LinearRegression
0,0.8894532456025727,1.0953611774147913,1.0465950398386146,-0.020310276244381864,test,Decision tree III
1,0.8357954725336247,0.9697737581833639,0.9847709166010965,0.011102238163220757,train,Decision tree III
0,0.8894532456025727,1.0953611774147913,1.0465950398386146,-0.020310276244381864,test,Decision tree II
1,0.8357954725336247,0.9697737581833639,0.9847709166010965,0.011102238163220757,train,Decision tree II
